Time,Height,Measured Temp (Water),Error,PID Output
2025-03-12 13:35:05,1000.0,25.7,-75.7,-32.551
2025-03-12 13:35:05,22.96,25.77,,
2025-03-12 13:35:05,22.05,25.77,,
2025-03-12 13:35:05,20.76,25.67,,
2025-03-12 13:35:05,19.24,25.84,,
2025-03-12 13:35:05,17.93,25.53,,
2025-03-12 13:35:16,967.449,25.67,-75.67,-32.551
2025-03-12 13:35:16,16.31,25.67,,
2025-03-12 13:35:16,14.89,25.67,,
2025-03-12 13:35:16,13.17,25.09,,
2025-03-12 13:35:16,11.35,24.82,,
2025-03-12 13:35:16,10.04,24.25,,
2025-03-12 13:35:16,8.59,23.94,,
2025-03-12 13:35:16,7.08,23.33,,
2025-03-12 13:35:16,5.29,22.89,,
2025-03-12 13:35:16,3.71,22.35,,
2025-03-12 13:35:16,2.23,21.91,,
2025-03-12 13:35:16,0.69,21.51,,
2025-03-12 13:35:16,-0.65,21.17,,
2025-03-12 13:35:16,-2.06,20.7,,
2025-03-12 13:35:44,934.8979999999999,20.87,-70.87,-30.4741
2025-03-12 13:35:44,-3.04,20.33,,
2025-03-12 13:35:44,-4.51,19.95,,
2025-03-12 13:35:44,-5.65,19.38,,
2025-03-12 13:35:44,-6.93,18.74,,
2025-03-12 13:35:44,-8.07,18.23,,
2025-03-12 13:35:44,-9.1,17.56,,
2025-03-12 13:35:44,-10.17,17.08,,
2025-03-12 13:35:44,-11.21,16.58,,
2025-03-12 13:35:44,-12.08,16.07,,
2025-03-12 13:35:44,-12.99,15.63,,
2025-03-12 13:35:44,-13.89,15.13,,
2025-03-12 13:35:44,-14.76,14.72,,
2025-03-12 13:35:44,-15.46,14.18,,
2025-03-12 13:35:44,-16.16,13.75,,
2025-03-12 13:35:44,-16.76,13.27,,
2025-03-12 13:35:44,-17.26,13.0,,
2025-03-12 13:35:44,-18.07,12.5,,
2025-03-12 13:35:44,-18.7,12.23,,
2025-03-12 13:35:44,-19.23,11.86,,
2025-03-12 13:35:44,-19.63,11.52,,
2025-03-12 13:35:44,-20.17,11.12,,
2025-03-12 13:36:29,904.4238999999999,11.05,-61.05,-26.2515
2025-03-12 13:36:29,-20.6,10.98,,
2025-03-12 13:36:29,-21.04,10.61,,
2025-03-12 13:36:29,-21.67,10.11,,
2025-03-12 13:36:29,-21.97,9.9,,
2025-03-12 13:36:29,-22.8,9.3,,
2025-03-12 13:36:29,-23.1,9.16,,
2025-03-12 13:36:29,-23.47,8.86,,
2025-03-12 13:36:29,-23.94,8.59,,
2025-03-12 13:36:29,-24.37,8.32,,
2025-03-12 13:36:48,878.1723999999999,8.19,-58.19,-26.2515
2025-03-12 13:36:48,-24.67,7.98,,
2025-03-12 13:36:48,-25.2,7.61,,
2025-03-12 13:36:48,-25.6,7.28,,
2025-03-12 13:36:48,-26.1,6.98,,
2025-03-12 13:36:48,-26.6,6.57,,
2025-03-12 13:36:59,851.9209,6.67,-56.67,-24.368100000000002
2025-03-12 13:36:59,-27.0,6.3,,
2025-03-12 13:36:59,-27.47,6.0,,
2025-03-12 13:36:59,-28.13,5.7,,
2025-03-12 13:36:59,-28.7,5.19,,
2025-03-12 13:36:59,-29.2,5.09,,
2025-03-12 13:36:59,-29.76,4.35,,
2025-03-12 13:36:59,-30.4,4.22,,
2025-03-12 13:36:59,-30.8,3.91,,
2025-03-12 13:36:59,-31.23,3.55,,
2025-03-12 13:36:59,-31.76,3.31,,
2025-03-12 13:37:20,827.5527999999999,3.34,-53.34,-22.9362
2025-03-12 13:37:20,-32.13,3.07,,
2025-03-12 13:37:20,-32.59,2.71,,
2025-03-12 13:37:20,-33.32,2.27,,
2025-03-12 13:37:20,-33.99,1.9,,
2025-03-12 13:37:20,-34.62,1.56,,
2025-03-12 13:37:31,804.6166,1.46,-51.46,-22.9362
2025-03-12 13:37:31,-34.98,1.29,,
2025-03-12 13:37:31,-35.38,0.82,,
2025-03-12 13:37:31,-35.95,0.49,,
2025-03-12 13:37:31,-36.54,0.19,,
2025-03-12 13:37:31,-37.04,-0.22,,
2025-03-12 13:37:41,781.6804,-0.22,-49.78,-21.4054
2025-03-12 13:37:41,-37.37,-0.42,,
2025-03-12 13:37:41,-37.91,-0.69,,
2025-03-12 13:37:41,-38.24,-1.06,,
2025-03-12 13:37:41,-38.6,-1.29,,
2025-03-12 13:37:41,-39.27,-1.8,,
2025-03-12 13:37:41,-39.6,-1.96,,
2025-03-12 13:37:41,-39.96,-2.4,,
2025-03-12 13:37:41,-40.39,-2.6,,
2025-03-12 13:37:41,-40.76,-2.94,,
2025-03-12 13:38:00,760.275,-3.0,-47.0,-21.4054
2025-03-12 13:38:00,-41.12,-3.14,,
2025-03-12 13:38:00,-41.55,-3.31,,
2025-03-12 13:38:00,-41.75,-3.81,,
2025-03-12 13:38:00,-42.15,-4.08,,
2025-03-12 13:38:00,-42.51,-4.38,,
2025-03-12 13:38:00,-42.88,-4.61,,
2025-03-12 13:38:00,-43.11,-4.92,,
2025-03-12 13:38:14,738.8696,-4.98,-45.019999999999996,-19.3586
2025-03-12 13:38:14,-43.41,-5.12,,
2025-03-12 13:38:14,-43.74,-5.62,,
2025-03-12 13:38:14,-44.34,-5.79,,
2025-03-12 13:38:14,-44.73,-6.12,,
2025-03-12 13:38:14,-45.13,-6.32,,
2025-03-12 13:38:14,-45.66,-6.76,,
2025-03-12 13:38:27,719.511,-6.83,-43.17,-19.3586
2025-03-12 13:38:27,-46.02,-6.96,,
2025-03-12 13:38:27,-46.59,-7.29,,
2025-03-12 13:38:27,-47.12,-7.6,,
2025-03-12 13:38:27,-47.81,-8.0,,
2025-03-12 13:38:27,-48.54,-8.4,,
2025-03-12 13:38:37,700.1524,-8.43,-41.57,-17.8751
2025-03-12 13:38:37,-48.97,-8.6,,
2025-03-12 13:38:37,-49.66,-9.0,,
2025-03-12 13:38:37,-50.49,-9.37,,
2025-03-12 13:38:37,-51.28,-9.87,,
2025-03-12 13:38:37,-52.11,-10.17,,
2025-03-12 13:38:37,-52.73,-10.61,,
2025-03-12 13:38:37,-53.49,-11.08,,
2025-03-12 13:38:37,-54.22,-11.48,,
2025-03-12 13:38:53,682.2773,-11.48,-38.519999999999996,-17.8751
2025-03-12 13:38:53,-54.71,-11.78,,
2025-03-12 13:38:53,-55.47,-12.32,,
2025-03-12 13:38:53,-56.36,-12.55,,
2025-03-12 13:38:53,-57.28,-13.05,,
2025-03-12 13:38:53,-58.11,-13.45,,
2025-03-12 13:38:53,-58.83,-13.92,,
2025-03-12 13:38:53,-59.66,-14.42,,
2025-03-12 13:38:53,-60.48,-14.82,,
2025-03-12 13:38:53,-61.2,-15.29,,
2025-03-12 13:38:53,-61.86,-15.66,,
2025-03-12 13:38:53,-62.59,-16.13,,
2025-03-12 13:39:16,664.4022,-16.23,-33.769999999999996,-14.521099999999999
2025-03-12 13:39:16,-63.11,-16.4,,
2025-03-12 13:39:16,-63.87,-16.73,,
2025-03-12 13:39:16,-64.76,-17.3,,
2025-03-12 13:39:16,-65.61,-17.8,,
2025-03-12 13:39:16,-66.46,-18.3,,
2025-03-12 13:39:16,-67.28,-18.67,,
2025-03-12 13:39:16,-68.07,-19.3,,
2025-03-12 13:39:16,-68.86,-19.8,,
2025-03-12 13:39:16,-69.52,-20.07,,
2025-03-12 13:39:16,-70.34,-20.54,,
2025-03-12 13:39:16,-70.96,-20.97,,
2025-03-12 13:39:16,-71.65,-21.37,,
2025-03-12 13:39:42,649.8811,-21.5,-28.5,-12.254999999999999
2025-03-12 13:39:42,-71.94,-21.67,,
2025-03-12 13:39:42,-72.66,-22.14,,
2025-03-12 13:39:42,-73.22,-22.34,,
2025-03-12 13:39:42,-73.94,-22.77,,
2025-03-12 13:39:42,-74.4,-23.3,,
2025-03-12 13:39:42,-75.09,-23.4,,
2025-03-12 13:39:42,-75.51,-23.97,,
2025-03-12 13:39:42,-75.97,-24.5,,
2025-03-12 13:39:42,-76.62,-24.84,,
2025-03-12 13:39:42,-77.08,-25.04,,
2025-03-12 13:39:42,-77.61,-25.47,,
2025-03-12 13:39:42,-78.03,-25.9,,
2025-03-12 13:40:06,637.6261,-26.0,-24.0,-10.32
2025-03-12 13:40:06,-78.23,-26.0,,
2025-03-12 13:40:06,-78.95,-26.47,,
2025-03-12 13:40:06,-79.5,-26.77,,
2025-03-12 13:40:06,-80.15,-27.27,,
2025-03-12 13:40:06,-80.74,-27.5,,
2025-03-12 13:40:06,-81.27,-28.0,,
2025-03-12 13:40:06,-81.79,-28.43,,
2025-03-12 13:40:06,-82.24,-28.8,,
2025-03-12 13:40:06,-82.96,-29.17,,
2025-03-12 13:40:06,-83.42,-29.47,,
2025-03-12 13:40:27,627.3060999999999,-29.47,-20.53,-8.8279
2025-03-12 13:40:27,-83.58,-29.76,,
2025-03-12 13:40:27,-84.07,-30.16,,
2025-03-12 13:40:27,-84.43,-30.43,,
2025-03-12 13:40:27,-85.05,-30.93,,
2025-03-12 13:40:27,-85.41,-31.23,,
2025-03-12 13:40:27,-85.8,-31.53,,
2025-03-12 13:40:27,-86.29,-31.69,,
2025-03-12 13:40:27,-86.58,-32.19,,
2025-03-12 13:40:43,618.4781999999999,-32.26,-17.740000000000002,-8.8279
2025-03-12 13:40:43,-86.81,-32.39,,
2025-03-12 13:40:43,-87.2,-32.59,,
2025-03-12 13:40:43,-87.53,-32.96,,
2025-03-12 13:40:43,-87.95,-33.22,,
2025-03-12 13:40:43,-88.14,-33.52,,
2025-03-12 13:40:53,609.6502999999999,-33.65,-16.35,-7.030500000000001
2025-03-12 13:40:53,-88.4,-33.79,,
2025-03-12 13:40:53,-88.7,-34.19,,
2025-03-12 13:40:53,-88.99,-34.35,,
2025-03-12 13:40:53,-89.35,-34.78,,
2025-03-12 13:40:53,-89.61,-34.92,,
2025-03-12 13:41:02,602.6197999999999,-35.15,-14.850000000000001,-7.030500000000001
2025-03-12 13:41:02,-89.64,-35.25,,
2025-03-12 13:41:02,-90.06,-35.45,,
2025-03-12 13:41:02,-90.55,-35.75,,
2025-03-12 13:41:02,-90.88,-36.05,,
2025-03-12 13:41:02,-91.4,-36.41,,
2025-03-12 13:41:12,595.5893,-36.58,-13.420000000000002,-7.030500000000001
2025-03-12 13:41:12,-91.43,-36.58,,
2025-03-12 13:41:12,-91.79,-36.88,,
2025-03-12 13:41:12,-92.14,-37.21,,
2025-03-12 13:41:12,-92.5,-37.54,,
2025-03-12 13:41:12,-92.83,-37.81,,
2025-03-12 13:41:22,588.5588,-37.81,-12.189999999999998,-5.241699999999999
2025-03-12 13:41:22,-92.92,-37.94,,
2025-03-12 13:41:22,-93.15,-38.3,,
2025-03-12 13:41:22,-93.44,-38.47,,
2025-03-12 13:41:22,-93.77,-38.73,,
2025-03-12 13:41:22,-94.16,-38.97,,
2025-03-12 13:41:31,583.3171,-39.07,-10.93,-5.241699999999999
2025-03-12 13:41:31,-94.26,-39.17,,
2025-03-12 13:41:31,-94.39,-39.5,,
2025-03-12 13:41:31,-94.74,-39.73,,
2025-03-12 13:41:31,-94.97,-40.03,,
2025-03-12 13:41:31,-95.2,-40.36,,
2025-03-12 13:41:41,578.0754,-40.23,-9.770000000000003,-5.241699999999999
2025-03-12 13:41:41,-95.23,-40.43,,
2025-03-12 13:41:41,-95.55,-40.66,,
2025-03-12 13:41:41,-95.81,-41.02,,
2025-03-12 13:41:41,-96.17,-41.25,,
2025-03-12 13:41:41,-96.49,-41.35,,
2025-03-12 13:41:50,572.8336999999999,-41.42,-8.579999999999998,-3.689399999999999
2025-03-12 13:41:50,-96.53,-41.39,,
2025-03-12 13:41:50,-96.85,-41.69,,
2025-03-12 13:41:50,-97.11,-42.05,,
2025-03-12 13:41:50,-97.27,-42.25,,
2025-03-12 13:41:50,-97.6,-42.55,,
2025-03-12 13:41:59,569.1442999999999,-42.55,-7.450000000000003,-3.689399999999999
2025-03-12 13:41:59,-97.73,-42.55,,
2025-03-12 13:41:59,-98.02,-42.88,,
2025-03-12 13:41:59,-98.11,-43.31,,
2025-03-12 13:41:59,-98.21,-43.41,,
2025-03-12 13:41:59,-98.57,-43.67,,
2025-03-12 13:42:09,565.4549,-43.74,-6.259999999999998,-3.689399999999999
2025-03-12 13:42:09,-98.7,-43.67,,
2025-03-12 13:42:09,-98.86,-43.9,,
2025-03-12 13:42:09,-99.05,-44.2,,
2025-03-12 13:42:09,-99.31,-44.4,,
2025-03-12 13:42:09,-99.31,-44.63,,
2025-03-12 13:42:18,561.7655,-44.63,-5.369999999999997,-2.309099999999999
2025-03-12 13:42:18,-99.38,-44.73,,
2025-03-12 13:42:18,-99.67,-44.93,,
2025-03-12 13:42:18,-99.96,-45.26,,
2025-03-12 13:42:18,-100.25,-45.33,,
2025-03-12 13:42:18,-100.32,-45.59,,
2025-03-12 13:42:27,559.4564,-45.66,-4.340000000000003,-2.309099999999999
2025-03-12 13:42:27,-100.32,-45.69,,
2025-03-12 13:42:27,-100.61,-45.86,,
2025-03-12 13:42:27,-100.71,-46.12,,
2025-03-12 13:42:27,-100.9,-46.19,,
2025-03-12 13:42:27,-101.09,-46.59,,
2025-03-12 13:42:37,557.1473000000001,-46.59,-3.4099999999999966,-2.309099999999999
2025-03-12 13:42:37,-101.19,-46.59,,
2025-03-12 13:42:37,-101.32,-46.69,,
2025-03-12 13:42:37,-101.51,-47.05,,
2025-03-12 13:42:37,-101.48,-47.25,,
2025-03-12 13:42:37,-101.77,-47.35,,
2025-03-12 13:42:46,554.8382000000001,-47.41,-2.5900000000000034,-1.1137000000000015
2025-03-12 13:42:46,-101.81,-47.41,,
2025-03-12 13:42:46,-101.9,-47.64,,
2025-03-12 13:42:46,-102.0,-47.68,,
2025-03-12 13:42:46,-102.23,-48.07,,
2025-03-12 13:42:46,-102.19,-48.21,,
2025-03-12 13:42:55,553.7245000000001,-48.11,-1.8900000000000006,-1.1137000000000015
2025-03-12 13:42:55,-102.36,-48.31,,
2025-03-12 13:42:55,-102.52,-48.4,,
2025-03-12 13:42:55,-102.68,-48.64,,
2025-03-12 13:42:55,-102.74,-48.87,,
2025-03-12 13:42:55,-102.74,-48.93,,
2025-03-12 13:43:04,552.6108000000002,-48.9,-1.1000000000000014,-1.1137000000000015
2025-03-12 13:43:04,-102.81,-48.93,,
2025-03-12 13:43:04,-102.94,-49.13,,
2025-03-12 13:43:04,-103.03,-49.26,,
2025-03-12 13:43:04,-103.16,-49.53,,
2025-03-12 13:43:04,-103.26,-49.69,,
2025-03-12 13:43:13,551.4971000000002,-49.63,-0.36999999999999744,-0.1590999999999989
2025-03-12 13:43:13,-103.29,-49.73,,
2025-03-12 13:43:13,-103.42,-49.86,,
2025-03-12 13:43:13,-103.52,-50.09,,
2025-03-12 13:43:13,-103.62,-50.22,,
2025-03-12 13:43:13,-103.71,-50.19,,
2025-03-12 13:43:22,551.4971000000002,-50.39,0.39000000000000057,-0.1590999999999989
2025-03-12 13:43:22,-103.68,-50.26,,
2025-03-12 13:43:22,-103.71,-50.32,,
2025-03-12 13:43:22,-103.84,-50.72,,
2025-03-12 13:43:22,-104.0,-50.72,,
2025-03-12 13:43:22,-103.97,-51.05,,
2025-03-12 13:43:31,551.4971000000002,-50.98,0.9799999999999969,-0.1590999999999989
2025-03-12 13:43:31,-104.0,-50.92,,
2025-03-12 13:43:31,-104.1,-51.02,,
2025-03-12 13:43:31,-104.07,-51.21,,
2025-03-12 13:43:31,-104.2,-51.31,,
2025-03-12 13:43:31,-104.3,-51.58,,
2025-03-12 13:43:40,551.4971000000002,-51.71,1.7100000000000009,0.7353000000000004
2025-03-12 13:43:40,-104.33,-51.61,,
2025-03-12 13:43:40,-104.36,-51.84,,
2025-03-12 13:43:40,-104.36,-51.61,,
2025-03-12 13:43:40,-104.46,-52.11,,
2025-03-12 13:43:40,-104.49,-51.94,,
2025-03-12 13:43:40,-104.55,-52.2,,
2025-03-12 13:43:40,-104.55,-52.2,,
2025-03-12 13:43:40,-104.68,-52.73,,
2025-03-12 13:43:40,-104.65,-52.44,,
2025-03-12 13:43:40,-104.65,-52.63,,
2025-03-12 13:43:40,-104.72,-53.19,,
2025-03-12 13:43:40,-104.78,-52.9,,
2025-03-12 13:43:40,-104.84,-52.9,,
2025-03-12 13:43:40,-104.84,-53.0,,
2025-03-12 13:43:40,-104.84,-53.23,,
2025-03-12 13:44:11,552.2324000000002,-53.06,3.0600000000000023,1.315800000000001
2025-03-12 13:44:11,-104.78,-52.93,,
2025-03-12 13:44:11,-104.78,-53.06,,
2025-03-12 13:44:11,-104.84,-53.36,,
2025-03-12 13:44:11,-104.78,-53.36,,
2025-03-12 13:44:11,-104.84,-53.46,,
2025-03-12 13:44:20,553.5482000000002,-53.39,3.3900000000000006,1.315800000000001
2025-03-12 13:44:20,-104.78,-53.79,,
2025-03-12 13:44:20,-104.84,-53.36,,
2025-03-12 13:44:20,-104.78,-53.79,,
2025-03-12 13:44:20,-104.68,-53.76,,
2025-03-12 13:44:20,-104.62,-53.99,,
2025-03-12 13:44:30,554.8640000000001,-53.85,3.8500000000000014,1.315800000000001
2025-03-12 13:44:30,-104.72,-53.79,,
2025-03-12 13:44:30,-104.68,-53.82,,
2025-03-12 13:44:30,-104.59,-54.28,,
2025-03-12 13:44:30,-104.42,-54.45,,
2025-03-12 13:44:30,-104.46,-53.82,,
2025-03-12 13:44:30,-104.39,-54.15,,
2025-03-12 13:44:30,-104.33,-54.32,,
2025-03-12 13:44:30,-104.3,-54.45,,
2025-03-12 13:44:30,-104.13,-54.42,,
2025-03-12 13:44:48,556.1798000000001,-54.35,4.350000000000001,1.8705000000000005
2025-03-12 13:44:48,-104.17,-54.61,,
2025-03-12 13:44:48,-104.2,-54.28,,
2025-03-12 13:44:48,-104.07,-54.81,,
2025-03-12 13:44:48,-104.0,-54.51,,
2025-03-12 13:44:48,-103.88,-54.55,,
2025-03-12 13:44:48,-103.75,-54.75,,
2025-03-12 13:44:48,-103.75,-54.75,,
2025-03-12 13:45:01,558.0503000000001,-54.88,4.880000000000003,1.8705000000000005
2025-03-12 13:45:01,-103.75,-54.94,,
2025-03-12 13:45:01,-103.55,-54.88,,
2025-03-12 13:45:01,-103.52,-54.88,,
2025-03-12 13:45:01,-103.49,-54.75,,
2025-03-12 13:45:01,-103.39,-54.88,,
2025-03-12 13:45:10,559.9208000000001,-54.88,4.880000000000003,2.098400000000001
2025-03-12 13:45:10,-103.36,-55.08,,
2025-03-12 13:45:10,-103.26,-54.98,,
2025-03-12 13:45:10,-103.13,-55.04,,
2025-03-12 13:45:10,-102.97,-55.01,,
2025-03-12 13:45:10,-102.97,-55.17,,
2025-03-12 13:45:20,562.0192000000001,-55.08,5.079999999999998,2.098400000000001
2025-03-12 13:45:20,-102.94,-55.14,,
2025-03-12 13:45:20,-102.94,-54.94,,
2025-03-12 13:45:20,-102.78,-55.01,,
2025-03-12 13:45:20,-102.74,-55.04,,
2025-03-12 13:45:20,-102.65,-55.27,,
2025-03-12 13:45:29,564.1176,-54.88,4.880000000000003,2.098400000000001
2025-03-12 13:45:29,-102.65,-55.17,,
2025-03-12 13:45:29,-102.61,-55.01,,
2025-03-12 13:45:29,-102.52,-54.94,,
2025-03-12 13:45:29,-102.45,-55.14,,
2025-03-12 13:45:29,-102.36,-55.17,,
2025-03-12 13:45:38,566.216,-55.31,5.310000000000002,2.283300000000001
2025-03-12 13:45:38,-102.32,-54.98,,
2025-03-12 13:45:38,-102.26,-55.24,,
2025-03-12 13:45:38,-102.13,-55.11,,
2025-03-12 13:45:38,-102.03,-54.94,,
2025-03-12 13:45:38,-101.9,-55.31,,
2025-03-12 13:45:47,568.4993000000001,-54.94,4.939999999999998,2.283300000000001
2025-03-12 13:45:47,-101.81,-55.17,,
2025-03-12 13:45:47,-101.68,-55.01,,
2025-03-12 13:45:47,-101.71,-55.21,,
2025-03-12 13:45:47,-101.55,-55.31,,
2025-03-12 13:45:47,-101.45,-55.31,,
2025-03-12 13:45:57,570.7826000000001,-55.17,5.170000000000002,2.283300000000001
2025-03-12 13:45:57,-101.42,-55.17,,
2025-03-12 13:45:57,-101.22,-55.11,,
2025-03-12 13:45:57,-101.13,-55.27,,
2025-03-12 13:45:57,-100.93,-55.31,,
2025-03-12 13:45:57,-100.9,-55.24,,
2025-03-12 13:46:06,573.0659000000002,-55.31,5.310000000000002,2.283300000000001
2025-03-12 13:46:06,-100.84,-55.14,,
2025-03-12 13:46:06,-100.67,-55.37,,
2025-03-12 13:46:06,-100.54,-55.24,,
2025-03-12 13:46:06,-100.41,-55.24,,
2025-03-12 13:46:06,-100.25,-55.27,,
2025-03-12 13:46:15,575.3492000000002,-55.08,5.079999999999998,2.283300000000001
2025-03-12 13:46:15,-100.25,-55.04,,
2025-03-12 13:46:15,-100.09,-55.08,,
2025-03-12 13:46:15,-99.86,-55.27,,
2025-03-12 13:46:15,-99.67,-55.14,,
2025-03-12 13:46:15,-99.6,-55.21,,
2025-03-12 13:46:25,577.6325000000003,-55.04,5.039999999999999,2.283300000000001
2025-03-12 13:46:25,-99.38,-55.08,,
2025-03-12 13:46:25,-99.12,-54.91,,
2025-03-12 13:46:25,-98.99,-55.08,,
2025-03-12 13:46:25,-98.83,-55.08,,
2025-03-12 13:46:25,-98.86,-54.68,,
2025-03-12 13:46:34,579.9158000000003,-55.01,5.009999999999998,2.154299999999999
2025-03-12 13:46:34,-98.86,-54.94,,
2025-03-12 13:46:34,-98.44,-55.01,,
2025-03-12 13:46:34,-98.11,-54.94,,
2025-03-12 13:46:34,-98.05,-54.94,,
2025-03-12 13:46:34,-97.89,-54.84,,
2025-03-12 13:46:43,582.0701000000004,-54.81,4.810000000000002,2.154299999999999
2025-03-12 13:46:43,-97.76,-54.78,,
2025-03-12 13:46:43,-97.53,-54.98,,
2025-03-12 13:46:43,-97.24,-54.55,,
2025-03-12 13:46:43,-97.05,-54.32,,
2025-03-12 13:46:43,-96.75,-54.58,,
2025-03-12 13:46:52,584.2244000000004,-54.71,4.710000000000001,2.154299999999999
2025-03-12 13:46:52,-96.66,-54.45,,
2025-03-12 13:46:52,-96.46,-54.48,,
2025-03-12 13:46:52,-96.23,-54.35,,
2025-03-12 13:46:52,-96.04,-54.45,,
2025-03-12 13:46:52,-95.78,-54.55,,
2025-03-12 13:47:02,586.3787000000004,-54.02,4.020000000000003,1.7286000000000012
2025-03-12 13:47:02,-95.65,-54.45,,
2025-03-12 13:47:02,-95.42,-54.32,,
2025-03-12 13:47:02,-95.33,-54.38,,
2025-03-12 13:47:02,-94.97,-54.09,,
2025-03-12 13:47:02,-94.74,-54.25,,
2025-03-12 13:47:11,588.1073000000005,-53.79,3.789999999999999,1.7286000000000012
2025-03-12 13:47:11,-94.68,-53.79,,
2025-03-12 13:47:11,-94.42,-53.62,,
2025-03-12 13:47:11,-94.22,-54.22,,
2025-03-12 13:47:11,-93.96,-53.92,,
2025-03-12 13:47:11,-93.7,-53.43,,
2025-03-12 13:47:11,-93.54,-53.59,,
2025-03-12 13:47:11,-93.25,-53.26,,
2025-03-12 13:47:25,589.8359000000005,-53.52,3.520000000000003,1.5136000000000014
2025-03-12 13:47:25,-93.22,-53.43,,
2025-03-12 13:47:25,-92.96,-53.59,,
2025-03-12 13:47:25,-92.63,-53.33,,
2025-03-12 13:47:25,-92.44,-53.1,,
2025-03-12 13:47:25,-92.24,-53.39,,
2025-03-12 13:47:34,591.3495000000005,-53.23,3.229999999999997,1.5136000000000014
2025-03-12 13:47:34,-92.21,-53.23,,
2025-03-12 13:47:34,-91.95,-53.0,,
2025-03-12 13:47:34,-91.66,-53.36,,
2025-03-12 13:47:34,-91.46,-53.26,,
2025-03-12 13:47:34,-91.14,-53.1,,
2025-03-12 13:47:43,592.8631000000005,-52.93,2.9299999999999997,1.5136000000000014
2025-03-12 13:47:43,-91.17,-52.67,,
2025-03-12 13:47:43,-90.78,-52.7,,
2025-03-12 13:47:43,-90.58,-52.93,,
2025-03-12 13:47:43,-90.45,-52.34,,
2025-03-12 13:47:43,-90.23,-52.44,,
2025-03-12 13:47:43,-89.93,-52.47,,
2025-03-12 13:47:43,-89.74,-52.5,,
2025-03-12 13:47:43,-89.48,-52.34,,
2025-03-12 13:47:59,594.3767000000005,-52.17,2.1700000000000017,0.9331000000000007
2025-03-12 13:47:59,-89.45,-52.2,,
2025-03-12 13:47:59,-89.19,-52.07,,
2025-03-12 13:47:59,-89.06,-52.27,,
2025-03-12 13:47:59,-88.76,-51.97,,
2025-03-12 13:47:59,-88.6,-51.81,,
2025-03-12 13:48:08,595.3098000000005,-51.81,1.8100000000000023,0.9331000000000007
2025-03-12 13:48:08,-88.53,-51.81,,
2025-03-12 13:48:08,-88.31,-51.58,,
2025-03-12 13:48:08,-88.05,-51.54,,
2025-03-12 13:48:08,-87.92,-51.51,,
2025-03-12 13:48:08,-87.75,-51.54,,
2025-03-12 13:48:17,596.2429000000004,-51.38,1.3800000000000026,0.9331000000000007
2025-03-12 13:48:17,-87.62,-51.54,,
2025-03-12 13:48:17,-87.56,-51.44,,
2025-03-12 13:48:17,-87.3,-51.28,,
2025-03-12 13:48:17,-87.07,-51.08,,
2025-03-12 13:48:17,-86.81,-51.15,,
2025-03-12 13:48:26,597.1760000000004,-50.98,0.9799999999999969,0.42139999999999866
2025-03-12 13:48:26,-86.87,-51.11,,
2025-03-12 13:48:26,-86.68,-50.88,,
2025-03-12 13:48:26,-86.61,-50.95,,
2025-03-12 13:48:26,-86.45,-50.78,,
2025-03-12 13:48:26,-86.09,-50.78,,
2025-03-12 13:48:35,597.1760000000004,-50.65,0.6499999999999986,0.42139999999999866
2025-03-12 13:48:35,-86.06,-50.69,,
2025-03-12 13:48:35,-85.93,-50.75,,
2025-03-12 13:48:35,-85.73,-50.59,,
2025-03-12 13:48:35,-85.67,-50.49,,
2025-03-12 13:48:35,-85.38,-50.45,,
2025-03-12 13:48:44,597.1760000000004,-50.42,0.4200000000000017,0.42139999999999866
2025-03-12 13:48:44,-85.38,-50.45,,
2025-03-12 13:48:44,-85.18,-50.29,,
2025-03-12 13:48:44,-85.05,-50.22,,
2025-03-12 13:48:44,-84.82,-50.16,,
2025-03-12 13:48:44,-84.82,-50.02,,
2025-03-12 13:48:53,597.1760000000004,-50.06,0.060000000000002274,0.02580000000000098
2025-03-12 13:48:53,-84.72,-50.12,,
2025-03-12 13:48:53,-84.66,-49.89,,
2025-03-12 13:48:53,-84.53,-49.86,,
2025-03-12 13:48:53,-84.36,-49.86,,
2025-03-12 13:48:53,-84.2,-49.73,,
2025-03-12 13:49:02,597.1760000000004,-49.69,-0.3100000000000023,0.02580000000000098
2025-03-12 13:49:02,-84.14,-49.69,,
2025-03-12 13:49:02,-84.04,-49.69,,
2025-03-12 13:49:02,-83.94,-49.59,,
2025-03-12 13:49:02,-83.78,-49.69,,
2025-03-12 13:49:02,-83.55,-49.53,,
2025-03-12 13:49:11,597.1760000000004,-49.43,-0.5700000000000003,0.02580000000000098
2025-03-12 13:49:11,-83.45,-49.4,,
2025-03-12 13:49:11,-83.48,-49.36,,
2025-03-12 13:49:11,-83.19,-49.33,,
2025-03-12 13:49:11,-83.13,-49.4,,
2025-03-12 13:49:11,-82.99,-49.13,,
2025-03-12 13:49:20,597.1760000000004,-49.07,-0.9299999999999997,-0.39989999999999987
2025-03-12 13:49:20,-83.09,-49.2,,
2025-03-12 13:49:20,-82.93,-49.13,,
2025-03-12 13:49:20,-82.77,-49.13,,
2025-03-12 13:49:20,-82.64,-48.9,,
2025-03-12 13:49:20,-82.54,-49.0,,
2025-03-12 13:49:29,597.1760000000004,-48.83,-1.1700000000000017,-0.39989999999999987
2025-03-12 13:49:29,-82.44,-48.77,,
2025-03-12 13:49:29,-82.37,-48.77,,
2025-03-12 13:49:29,-82.31,-48.74,,
2025-03-12 13:49:29,-82.11,-48.47,,
2025-03-12 13:49:29,-81.92,-48.57,,
2025-03-12 13:49:38,597.1760000000004,-48.54,-1.4600000000000009,-0.39989999999999987
2025-03-12 13:49:38,-82.02,-48.5,,
2025-03-12 13:49:38,-81.89,-48.5,,
2025-03-12 13:49:38,-81.82,-48.27,,
2025-03-12 13:49:38,-81.69,-48.34,,
2025-03-12 13:49:38,-81.62,-48.37,,
2025-03-12 13:49:47,597.1760000000004,-48.17,-1.8299999999999983,-0.7868999999999993
2025-03-12 13:49:47,-81.53,-48.27,,
2025-03-12 13:49:47,-81.43,-48.31,,
2025-03-12 13:49:47,-81.3,-48.07,,
2025-03-12 13:49:47,-81.3,-48.07,,
2025-03-12 13:49:47,-81.13,-48.04,,
2025-03-12 13:49:56,596.3891000000004,-48.04,-1.9600000000000009,-0.7868999999999993
2025-03-12 13:49:56,-81.27,-48.07,,
2025-03-12 13:49:56,-81.07,-48.04,,
2025-03-12 13:49:56,-80.97,-47.78,,
2025-03-12 13:49:56,-80.91,-47.84,,
2025-03-12 13:49:56,-80.74,-47.74,,
2025-03-12 13:50:05,595.6022000000005,-47.81,-2.1899999999999977,-0.7868999999999993
2025-03-12 13:50:05,-80.81,-47.91,,
2025-03-12 13:50:05,-80.84,-47.71,,
2025-03-12 13:50:05,-80.81,-47.64,,
2025-03-12 13:50:05,-80.64,-47.55,,
2025-03-12 13:50:05,-80.55,-47.64,,
2025-03-12 13:50:14,594.8153000000005,-47.51,-2.490000000000002,-1.0707000000000009
2025-03-12 13:50:14,-80.58,-47.45,,
2025-03-12 13:50:14,-80.45,-47.45,,
2025-03-12 13:50:14,-80.32,-47.41,,
2025-03-12 13:50:14,-80.42,-47.41,,
2025-03-12 13:50:14,-80.35,-47.35,,
2025-03-12 13:50:24,593.7446000000006,-47.35,-2.6499999999999986,-1.0707000000000009
2025-03-12 13:50:24,-80.32,-47.38,,
2025-03-12 13:50:24,-80.29,-47.21,,
2025-03-12 13:50:24,-80.29,-47.21,,
2025-03-12 13:50:24,-80.25,-47.21,,
2025-03-12 13:50:24,-80.09,-47.15,,
2025-03-12 13:50:33,592.6739000000006,-47.12,-2.8800000000000026,-1.0707000000000009
2025-03-12 13:50:33,-80.15,-47.02,,
2025-03-12 13:50:33,-80.15,-46.95,,
2025-03-12 13:50:33,-79.99,-46.92,,
2025-03-12 13:50:33,-80.06,-46.98,,
2025-03-12 13:50:33,-80.06,-46.85,,
2025-03-12 13:50:42,591.6032000000006,-46.98,-3.020000000000003,-1.2986000000000013
2025-03-12 13:50:42,-80.06,-46.92,,
2025-03-12 13:50:42,-80.06,-46.85,,
2025-03-12 13:50:42,-80.09,-46.78,,
2025-03-12 13:50:42,-80.06,-46.82,,
2025-03-12 13:50:42,-80.06,-46.72,,
2025-03-12 13:50:51,590.3046000000006,-46.69,-3.3100000000000023,-1.2986000000000013
2025-03-12 13:50:51,-80.06,-46.69,,
2025-03-12 13:50:51,-80.02,-46.72,,
2025-03-12 13:50:51,-79.96,-46.72,,
2025-03-12 13:50:51,-80.06,-46.69,,
2025-03-12 13:50:51,-80.06,-46.49,,
2025-03-12 13:51:00,589.0060000000007,-46.62,-3.3800000000000026,-1.2986000000000013
2025-03-12 13:51:00,-80.06,-46.69,,
2025-03-12 13:51:00,-80.06,-46.62,,
2025-03-12 13:51:00,-80.06,-46.45,,
2025-03-12 13:51:00,-79.96,-46.55,,
2025-03-12 13:51:00,-80.09,-46.49,,
2025-03-12 13:51:10,587.7074000000007,-46.42,-3.5799999999999983,-1.5393999999999992
2025-03-12 13:51:10,-80.02,-46.49,,
2025-03-12 13:51:10,-79.96,-46.45,,
2025-03-12 13:51:10,-79.96,-46.22,,
2025-03-12 13:51:10,-80.02,-46.39,,
2025-03-12 13:51:10,-80.12,-46.45,,
2025-03-12 13:51:19,586.1680000000007,-46.35,-3.6499999999999986,-1.5393999999999992
2025-03-12 13:51:19,-80.02,-46.45,,
2025-03-12 13:51:19,-79.96,-46.32,,
2025-03-12 13:51:19,-80.06,-46.19,,
2025-03-12 13:51:19,-80.06,-46.16,,
2025-03-12 13:51:19,-80.19,-46.19,,
2025-03-12 13:51:28,584.6286000000007,-46.19,-3.8100000000000023,-1.5393999999999992
2025-03-12 13:51:28,-80.09,-46.22,,
2025-03-12 13:51:28,-80.06,-46.22,,
2025-03-12 13:51:28,-80.06,-46.22,,
2025-03-12 13:51:28,-80.29,-46.22,,
2025-03-12 13:51:28,-80.22,-46.16,,
2025-03-12 13:51:38,583.0892000000007,-46.19,-3.8100000000000023,-1.638300000000001
2025-03-12 13:51:38,-80.22,-46.09,,
2025-03-12 13:51:38,-80.32,-46.09,,
2025-03-12 13:51:38,-80.22,-46.06,,
2025-03-12 13:51:38,-80.29,-46.09,,
2025-03-12 13:51:38,-80.29,-46.12,,
2025-03-12 13:51:47,581.4509000000007,-46.06,-3.9399999999999977,-1.638300000000001
2025-03-12 13:51:47,-80.35,-46.06,,
2025-03-12 13:51:47,-80.32,-45.99,,
2025-03-12 13:51:47,-80.42,-46.06,,
2025-03-12 13:51:47,-80.25,-46.09,,
2025-03-12 13:51:47,-80.42,-45.89,,
2025-03-12 13:51:56,579.8126000000008,-45.99,-4.009999999999998,-1.638300000000001
2025-03-12 13:51:56,-80.42,-45.99,,
2025-03-12 13:51:56,-80.42,-45.99,,
2025-03-12 13:51:56,-80.38,-45.86,,
2025-03-12 13:51:56,-80.42,-45.99,,
2025-03-12 13:51:56,-80.45,-45.89,,
2025-03-12 13:52:05,578.1743000000008,-45.89,-4.109999999999999,-1.7672999999999996
2025-03-12 13:52:05,-80.55,-45.92,,
2025-03-12 13:52:05,-80.64,-46.09,,
2025-03-12 13:52:05,-80.58,-45.92,,
2025-03-12 13:52:05,-80.58,-45.86,,
2025-03-12 13:52:05,-80.71,-45.96,,
2025-03-12 13:52:15,576.4070000000008,-45.79,-4.210000000000001,-1.7672999999999996
2025-03-12 13:52:15,-80.68,-45.92,,
2025-03-12 13:52:15,-80.61,-45.96,,
2025-03-12 13:52:15,-80.84,-45.92,,
2025-03-12 13:52:15,-80.64,-45.86,,
2025-03-12 13:52:15,-80.78,-45.76,,
2025-03-12 13:52:24,574.6397000000009,-45.82,-4.18,-1.7672999999999996
2025-03-12 13:52:24,-80.78,-45.76,,
2025-03-12 13:52:24,-80.84,-45.82,,
2025-03-12 13:52:24,-80.87,-45.76,,
2025-03-12 13:52:24,-80.91,-45.96,,
2025-03-12 13:52:24,-80.87,-45.82,,
2025-03-12 13:52:33,572.8724000000009,-45.73,-4.270000000000003,-1.8361000000000014
2025-03-12 13:52:33,-80.94,-45.76,,
2025-03-12 13:52:33,-80.97,-45.82,,
2025-03-12 13:52:33,-80.97,-45.82,,
2025-03-12 13:52:33,-81.07,-45.69,,
2025-03-12 13:52:33,-81.04,-45.79,,
2025-03-12 13:52:42,571.0363000000009,-45.69,-4.310000000000002,-1.8361000000000014
2025-03-12 13:52:42,-81.17,-45.79,,
2025-03-12 13:52:42,-81.2,-45.82,,
2025-03-12 13:52:42,-81.33,-45.79,,
2025-03-12 13:52:42,-81.3,-45.79,,
2025-03-12 13:52:42,-81.46,-45.86,,
2025-03-12 13:52:52,569.2002000000009,-45.82,-4.18,-1.8361000000000014
2025-03-12 13:52:52,-81.53,-45.69,,
2025-03-12 13:52:52,-81.56,-45.69,,
2025-03-12 13:52:52,-81.62,-45.73,,
2025-03-12 13:52:52,-81.66,-45.76,,
2025-03-12 13:52:52,-81.85,-45.89,,
2025-03-12 13:53:01,567.3641000000009,-45.73,-4.270000000000003,-1.8361000000000014
2025-03-12 13:53:01,-81.82,-45.76,,
2025-03-12 13:53:01,-81.92,-45.73,,
2025-03-12 13:53:01,-82.02,-45.79,,
2025-03-12 13:53:01,-82.24,-45.79,,
2025-03-12 13:53:01,-82.31,-45.86,,
2025-03-12 13:53:10,565.5280000000009,-45.96,-4.039999999999999,-1.8361000000000014
2025-03-12 13:53:10,-82.28,-45.79,,
2025-03-12 13:53:10,-82.44,-45.86,,
2025-03-12 13:53:10,-82.41,-45.89,,
2025-03-12 13:53:10,-82.6,-45.92,,
2025-03-12 13:53:10,-82.7,-45.89,,
2025-03-12 13:53:20,563.6919000000009,-46.02,-3.979999999999997,-1.8361000000000014
2025-03-12 13:53:20,-82.73,-45.89,,
2025-03-12 13:53:20,-82.9,-45.92,,
2025-03-12 13:53:20,-82.86,-45.79,,
2025-03-12 13:53:20,-82.9,-46.06,,
2025-03-12 13:53:20,-83.03,-46.06,,
2025-03-12 13:53:29,561.855800000001,-46.02,-3.979999999999997,-1.7113999999999987
2025-03-12 13:53:29,-83.03,-45.99,,
2025-03-12 13:53:29,-83.13,-45.96,,
2025-03-12 13:53:29,-83.26,-46.12,,
2025-03-12 13:53:29,-83.19,-46.19,,
2025-03-12 13:53:29,-83.35,-46.16,,
2025-03-12 13:53:38,560.1444000000009,-46.06,-3.9399999999999977,-1.7113999999999987
2025-03-12 13:53:38,-83.39,-46.02,,
2025-03-12 13:53:38,-83.39,-46.09,,
2025-03-12 13:53:38,-83.52,-46.06,,
2025-03-12 13:53:38,-83.45,-46.22,,
2025-03-12 13:53:38,-83.61,-46.09,,
2025-03-12 13:53:47,558.4330000000009,-46.06,-3.9399999999999977,-1.7113999999999987
2025-03-12 13:53:47,-83.61,-46.09,,
2025-03-12 13:53:47,-83.61,-45.99,,
2025-03-12 13:53:47,-83.78,-46.19,,
2025-03-12 13:53:47,-83.71,-46.12,,
2025-03-12 13:53:47,-83.81,-46.26,,
2025-03-12 13:53:57,556.7216000000009,-46.12,-3.8800000000000026,-1.668400000000001
2025-03-12 13:53:57,-83.88,-46.19,,
2025-03-12 13:53:57,-83.81,-46.19,,
2025-03-12 13:53:57,-84.1,-46.09,,
2025-03-12 13:53:57,-83.97,-46.26,,
2025-03-12 13:53:57,-83.97,-46.22,,
2025-03-12 13:54:06,555.0532000000009,-46.19,-3.8100000000000023,-1.668400000000001
2025-03-12 13:54:06,-84.04,-46.19,,
2025-03-12 13:54:06,-84.04,-46.16,,
2025-03-12 13:54:06,-84.01,-46.26,,
2025-03-12 13:54:06,-84.2,-46.19,,
2025-03-12 13:54:06,-84.1,-46.35,,
2025-03-12 13:54:15,553.3848000000008,-46.22,-3.780000000000001,-1.668400000000001
2025-03-12 13:54:15,-84.1,-46.32,,
2025-03-12 13:54:15,-84.17,-46.16,,
2025-03-12 13:54:15,-84.17,-46.35,,
2025-03-12 13:54:15,-84.36,-46.35,,
2025-03-12 13:54:15,-84.23,-46.29,,
2025-03-12 13:54:24,551.7164000000008,-46.35,-3.6499999999999986,-1.5694999999999995
2025-03-12 13:54:24,-84.23,-46.26,,
2025-03-12 13:54:24,-84.33,-46.26,,
2025-03-12 13:54:24,-84.3,-46.26,,
2025-03-12 13:54:24,-84.3,-46.39,,
2025-03-12 13:54:24,-84.43,-46.32,,
2025-03-12 13:54:34,550.1469000000009,-46.32,-3.6799999999999997,-1.5694999999999995
2025-03-12 13:54:34,-84.36,-46.35,,
2025-03-12 13:54:34,-84.33,-46.35,,
2025-03-12 13:54:34,-84.3,-46.32,,
2025-03-12 13:54:34,-84.43,-46.29,,
2025-03-12 13:54:34,-84.4,-46.26,,
2025-03-12 13:54:43,548.5774000000009,-46.29,-3.710000000000001,-1.5694999999999995
2025-03-12 13:54:43,-84.36,-46.32,,
2025-03-12 13:54:43,-84.5,-46.35,,
2025-03-12 13:54:43,-84.5,-46.39,,
2025-03-12 13:54:43,-84.46,-46.29,,
2025-03-12 13:54:43,-84.63,-46.29,,
2025-03-12 13:54:52,547.007900000001,-46.39,-3.6099999999999994,-1.5522999999999998
2025-03-12 13:54:52,-84.53,-46.39,,
2025-03-12 13:54:52,-84.56,-46.32,,
2025-03-12 13:54:52,-84.66,-46.35,,
2025-03-12 13:54:52,-84.66,-46.42,,
2025-03-12 13:54:52,-84.79,-46.39,,
2025-03-12 13:55:02,545.455600000001,-46.35,-3.6499999999999986,-1.5522999999999998
2025-03-12 13:55:02,-84.79,-46.32,,
2025-03-12 13:55:02,-84.72,-46.39,,
2025-03-12 13:55:02,-84.79,-46.39,,
2025-03-12 13:55:02,-84.95,-46.42,,
2025-03-12 13:55:02,-84.98,-46.49,,
2025-03-12 13:55:11,543.9033000000011,-46.49,-3.509999999999998,-1.5522999999999998
2025-03-12 13:55:11,-84.98,-46.49,,
2025-03-12 13:55:11,-84.98,-46.52,,
2025-03-12 13:55:11,-85.05,-46.59,,
2025-03-12 13:55:11,-85.11,-46.62,,
2025-03-12 13:55:11,-85.11,-46.45,,
2025-03-12 13:55:20,542.3510000000011,-46.49,-3.509999999999998,-1.5092999999999992
2025-03-12 13:55:20,-85.21,-46.59,,
2025-03-12 13:55:20,-85.24,-46.42,,
2025-03-12 13:55:20,-85.28,-46.49,,
2025-03-12 13:55:20,-85.34,-46.62,,
2025-03-12 13:55:20,-85.44,-46.59,,
2025-03-12 13:55:29,540.8417000000011,-46.55,-3.450000000000003,-1.5092999999999992
2025-03-12 13:55:29,-85.38,-46.59,,
2025-03-12 13:55:29,-85.44,-46.69,,
2025-03-12 13:55:29,-85.41,-46.69,,
2025-03-12 13:55:29,-85.57,-46.69,,
2025-03-12 13:55:29,-85.57,-46.62,,
2025-03-12 13:55:39,539.332400000001,-46.75,-3.25,-1.5092999999999992
2025-03-12 13:55:39,-85.54,-46.72,,
2025-03-12 13:55:39,-85.57,-46.65,,
2025-03-12 13:55:39,-85.57,-46.55,,
2025-03-12 13:55:39,-85.73,-46.72,,
2025-03-12 13:55:39,-85.7,-46.62,,
2025-03-12 13:55:48,537.823100000001,-46.65,-3.3500000000000014,-1.4405000000000006
2025-03-12 13:55:48,-85.77,-46.59,,
2025-03-12 13:55:48,-85.73,-46.72,,
2025-03-12 13:55:48,-85.7,-46.52,,
2025-03-12 13:55:48,-85.73,-46.62,,
2025-03-12 13:55:48,-85.9,-46.55,,
2025-03-12 13:55:57,536.3826000000009,-46.69,-3.3100000000000023,-1.4405000000000006
2025-03-12 13:55:57,-85.73,-46.65,,
2025-03-12 13:55:57,-85.8,-46.72,,
2025-03-12 13:55:57,-85.73,-46.75,,
2025-03-12 13:55:57,-85.86,-46.78,,
2025-03-12 13:55:57,-85.9,-46.72,,
2025-03-12 13:56:06,534.9421000000009,-46.78,-3.219999999999999,-1.4405000000000006
2025-03-12 13:56:06,-85.9,-46.69,,
2025-03-12 13:56:06,-85.93,-46.88,,
2025-03-12 13:56:06,-85.96,-46.85,,
2025-03-12 13:56:06,-85.99,-46.72,,
2025-03-12 13:56:06,-86.12,-46.78,,
2025-03-12 13:56:16,533.5016000000008,-46.82,-3.1799999999999997,-1.3674
2025-03-12 13:56:16,-85.99,-46.78,,
2025-03-12 13:56:16,-86.12,-46.75,,
2025-03-12 13:56:16,-86.16,-46.75,,
2025-03-12 13:56:16,-86.19,-46.88,,
2025-03-12 13:56:16,-86.16,-46.85,,
2025-03-12 13:56:25,532.1342000000009,-46.88,-3.1199999999999974,-1.3674
2025-03-12 13:56:25,-86.26,-46.92,,
2025-03-12 13:56:25,-86.29,-46.95,,
2025-03-12 13:56:25,-86.39,-46.82,,
2025-03-12 13:56:25,-86.35,-47.02,,
2025-03-12 13:56:25,-86.55,-46.92,,
2025-03-12 13:56:34,530.7668000000009,-46.85,-3.1499999999999986,-1.3674
2025-03-12 13:56:34,-86.48,-47.02,,
2025-03-12 13:56:34,-86.55,-46.95,,
2025-03-12 13:56:34,-86.61,-46.95,,
2025-03-12 13:56:34,-86.61,-47.12,,
2025-03-12 13:56:34,-86.78,-46.98,,
2025-03-12 13:56:43,529.3994000000009,-47.02,-2.979999999999997,-1.2813999999999985
2025-03-12 13:56:43,-86.65,-47.08,,
2025-03-12 13:56:43,-86.81,-47.05,,
2025-03-12 13:56:43,-86.84,-46.98,,
2025-03-12 13:56:43,-86.87,-47.18,,
2025-03-12 13:56:43,-86.97,-47.02,,
2025-03-12 13:56:53,528.118000000001,-47.08,-2.9200000000000017,-1.2813999999999985
2025-03-12 13:56:53,-86.84,-47.05,,
2025-03-12 13:56:53,-86.97,-47.05,,
2025-03-12 13:56:53,-86.91,-47.18,,
2025-03-12 13:56:53,-86.97,-47.25,,
2025-03-12 13:56:53,-87.07,-47.12,,
2025-03-12 13:57:02,526.836600000001,-47.21,-2.789999999999999,-1.2813999999999985
2025-03-12 13:57:02,-87.07,-47.15,,
2025-03-12 13:57:02,-87.13,-47.21,,
2025-03-12 13:57:02,-87.2,-47.18,,
2025-03-12 13:57:02,-87.23,-47.28,,
2025-03-12 13:57:02,-87.3,-47.15,,
2025-03-12 13:57:11,525.555200000001,-47.21,-2.789999999999999,-1.1996999999999995
2025-03-12 13:57:11,-87.33,-47.28,,
2025-03-12 13:57:11,-87.39,-47.21,,
2025-03-12 13:57:11,-87.43,-47.31,,
2025-03-12 13:57:11,-87.49,-47.21,,
2025-03-12 13:57:11,-87.39,-47.35,,
2025-03-12 13:57:20,524.355500000001,-47.35,-2.6499999999999986,-1.1996999999999995
2025-03-12 13:57:20,-87.49,-47.08,,
2025-03-12 13:57:20,-87.62,-47.38,,
2025-03-12 13:57:20,-87.53,-47.35,,
2025-03-12 13:57:20,-87.75,-47.45,,
2025-03-12 13:57:20,-87.72,-47.51,,
2025-03-12 13:57:30,523.155800000001,-47.51,-2.490000000000002,-1.1996999999999995
2025-03-12 13:57:30,-87.82,-47.38,,
2025-03-12 13:57:30,-87.82,-47.31,,
2025-03-12 13:57:30,-87.88,-47.58,,
2025-03-12 13:57:30,-88.05,-47.55,,
2025-03-12 13:57:30,-88.08,-47.51,,
2025-03-12 13:57:39,521.956100000001,-47.48,-2.520000000000003,-1.0836000000000012
2025-03-12 13:57:39,-88.08,-47.55,,
2025-03-12 13:57:39,-88.11,-47.58,,
2025-03-12 13:57:39,-88.14,-47.51,,
2025-03-12 13:57:39,-88.31,-47.51,,
2025-03-12 13:57:39,-88.27,-47.58,,
2025-03-12 13:57:48,520.872500000001,-47.55,-2.450000000000003,-1.0836000000000012
2025-03-12 13:57:48,-88.31,-47.58,,
2025-03-12 13:57:48,-88.31,-47.68,,
2025-03-12 13:57:48,-88.37,-47.64,,
2025-03-12 13:57:48,-88.37,-47.64,,
2025-03-12 13:57:48,-88.5,-47.71,,
2025-03-12 13:57:57,519.7889000000009,-47.64,-2.3599999999999994,-1.0836000000000012
2025-03-12 13:57:57,-88.57,-47.84,,
2025-03-12 13:57:57,-88.4,-47.78,,
2025-03-12 13:57:57,-88.5,-47.81,,
2025-03-12 13:57:57,-88.7,-47.81,,
2025-03-12 13:57:57,-88.73,-47.78,,
2025-03-12 13:58:06,518.7053000000009,-47.78,-2.219999999999999,-0.9545999999999994
2025-03-12 13:58:06,-88.7,-47.84,,
2025-03-12 13:58:06,-88.7,-47.68,,
2025-03-12 13:58:06,-88.76,-47.81,,
2025-03-12 13:58:06,-88.7,-47.88,,
2025-03-12 13:58:06,-88.86,-47.88,,
2025-03-12 13:58:16,517.7507000000008,-47.81,-2.1899999999999977,-0.9545999999999994
2025-03-12 13:58:16,-88.83,-47.84,,
2025-03-12 13:58:16,-88.79,-47.98,,
2025-03-12 13:58:16,-88.86,-47.91,,
2025-03-12 13:58:16,-88.79,-47.94,,
2025-03-12 13:58:16,-88.76,-48.01,,
2025-03-12 13:58:25,516.7961000000008,-47.88,-2.1199999999999974,-0.9545999999999994
2025-03-12 13:58:25,-88.79,-48.04,,
2025-03-12 13:58:25,-88.92,-48.01,,
2025-03-12 13:58:25,-89.02,-47.94,,
2025-03-12 13:58:25,-88.96,-47.98,,
2025-03-12 13:58:25,-89.02,-48.07,,
2025-03-12 13:58:34,515.8415000000008,-48.11,-1.8900000000000006,-0.8127000000000002
2025-03-12 13:58:34,-89.02,-48.07,,
2025-03-12 13:58:34,-89.09,-48.01,,
2025-03-12 13:58:34,-89.28,-48.24,,
2025-03-12 13:58:34,-89.32,-48.24,,
2025-03-12 13:58:34,-89.12,-48.07,,
2025-03-12 13:58:43,515.0288000000008,-48.4,-1.6000000000000014,-0.8127000000000002
2025-03-12 13:58:43,-89.25,-48.07,,
2025-03-12 13:58:43,-89.32,-48.17,,
2025-03-12 13:58:43,-89.38,-48.21,,
2025-03-12 13:58:43,-89.51,-48.24,,
2025-03-12 13:58:43,-89.48,-48.31,,
2025-03-12 13:58:52,514.2161000000009,-48.17,-1.8299999999999983,-0.8127000000000002
2025-03-12 13:58:52,-89.48,-48.5,,
2025-03-12 13:58:52,-89.58,-48.21,,
2025-03-12 13:58:52,-89.61,-48.24,,
2025-03-12 13:58:52,-89.87,-48.24,,
2025-03-12 13:58:52,-89.74,-48.37,,
2025-03-12 13:59:01,513.4034000000009,-48.4,-1.6000000000000014,-0.6880000000000006
2025-03-12 13:59:01,-89.67,-48.34,,
2025-03-12 13:59:01,-89.8,-48.4,,
2025-03-12 13:59:01,-89.87,-48.44,,
2025-03-12 13:59:01,-89.93,-48.4,,
2025-03-12 13:59:01,-90.03,-48.4,,
2025-03-12 13:59:11,512.715400000001,-48.34,-1.6599999999999966,-0.6880000000000006
2025-03-12 13:59:11,-90.0,-48.4,,
2025-03-12 13:59:11,-90.1,-48.7,,
2025-03-12 13:59:11,-90.13,-48.54,,
2025-03-12 13:59:11,-90.13,-48.47,,
2025-03-12 13:59:11,-90.26,-48.67,,
2025-03-12 13:59:20,512.027400000001,-48.6,-1.3999999999999986,-0.6880000000000006
2025-03-12 13:59:20,-90.16,-48.57,,
2025-03-12 13:59:20,-90.26,-48.74,,
2025-03-12 13:59:20,-90.23,-48.67,,
2025-03-12 13:59:20,-90.36,-48.8,,
2025-03-12 13:59:20,-90.36,-48.6,,
2025-03-12 13:59:29,511.339400000001,-48.67,-1.3299999999999983,-0.5718999999999993
2025-03-12 13:59:29,-90.42,-48.6,,
2025-03-12 13:59:29,-90.52,-48.64,,
2025-03-12 13:59:29,-90.39,-48.77,,
2025-03-12 13:59:29,-90.42,-48.83,,
2025-03-12 13:59:29,-90.42,-48.7,,
2025-03-12 13:59:38,510.767500000001,-48.8,-1.2000000000000028,-0.5718999999999993
2025-03-12 13:59:38,-90.32,-48.77,,
2025-03-12 13:59:38,-90.45,-48.67,,
2025-03-12 13:59:38,-90.32,-49.03,,
2025-03-12 13:59:38,-90.55,-48.8,,
2025-03-12 13:59:38,-90.58,-48.83,,
2025-03-12 13:59:47,510.19560000000104,-48.74,-1.259999999999998,-0.5718999999999993
2025-03-12 13:59:47,-90.55,-48.9,,
2025-03-12 13:59:47,-90.55,-48.83,,
2025-03-12 13:59:47,-90.68,-48.87,,
2025-03-12 13:59:47,-90.55,-48.9,,
2025-03-12 13:59:47,-90.62,-48.87,,
2025-03-12 13:59:56,509.62370000000107,-49.03,-0.9699999999999989,-0.4170999999999995
2025-03-12 13:59:56,-90.55,-48.93,,
2025-03-12 13:59:56,-90.65,-49.0,,
2025-03-12 13:59:56,-90.68,-49.0,,
2025-03-12 13:59:56,-90.62,-49.07,,
2025-03-12 13:59:56,-90.75,-49.03,,
2025-03-12 14:00:05,509.62370000000107,-48.87,-1.1300000000000026,-0.4170999999999995
2025-03-12 14:00:05,-90.65,-48.87,,
2025-03-12 14:00:05,-90.62,-49.07,,
2025-03-12 14:00:05,-90.62,-49.07,,
2025-03-12 14:00:05,-90.71,-48.97,,
2025-03-12 14:00:05,-90.62,-48.97,,
2025-03-12 14:00:14,509.62370000000107,-49.13,-0.8699999999999974,-0.4170999999999995
2025-03-12 14:00:14,-90.68,-49.1,,
2025-03-12 14:00:14,-90.62,-49.07,,
2025-03-12 14:00:14,-90.65,-49.1,,
2025-03-12 14:00:14,-90.75,-49.13,,
2025-03-12 14:00:14,-90.68,-49.07,,
2025-03-12 14:00:23,509.62370000000107,-49.17,-0.8299999999999983,-0.3568999999999993
2025-03-12 14:00:23,-90.58,-49.17,,
2025-03-12 14:00:23,-90.62,-49.17,,
2025-03-12 14:00:23,-90.71,-49.1,,
2025-03-12 14:00:23,-90.58,-48.93,,
2025-03-12 14:00:23,-90.71,-49.2,,
2025-03-12 14:00:32,509.62370000000107,-49.0,-1.0,-0.3568999999999993
2025-03-12 14:00:32,-90.71,-49.23,,
2025-03-12 14:00:32,-90.71,-49.17,,
2025-03-12 14:00:32,-90.65,-49.2,,
2025-03-12 14:00:32,-90.78,-49.23,,
2025-03-12 14:00:32,-90.75,-49.1,,
2025-03-12 14:00:41,509.62370000000107,-49.2,-0.7999999999999972,-0.3568999999999993
2025-03-12 14:00:41,-90.62,-49.17,,
2025-03-12 14:00:41,-90.62,-49.1,,
2025-03-12 14:00:41,-90.58,-49.23,,
2025-03-12 14:00:41,-90.52,-49.23,,
2025-03-12 14:00:41,-90.71,-49.2,,
2025-03-12 14:00:50,509.62370000000107,-49.2,-0.7999999999999972,-0.34399999999999875
2025-03-12 14:00:50,-90.55,-49.2,,
2025-03-12 14:00:50,-90.52,-49.26,,
2025-03-12 14:00:50,-90.45,-49.1,,
2025-03-12 14:00:50,-90.68,-49.13,,
2025-03-12 14:00:50,-90.55,-49.23,,
2025-03-12 14:00:59,509.62370000000107,-49.23,-0.7700000000000031,-0.34399999999999875
2025-03-12 14:00:59,-90.55,-49.1,,
2025-03-12 14:00:59,-90.62,-49.1,,
2025-03-12 14:00:59,-90.58,-49.1,,
2025-03-12 14:00:59,-90.49,-49.13,,
2025-03-12 14:00:59,-90.49,-49.3,,
2025-03-12 14:01:08,509.62370000000107,-49.23,-0.7700000000000031,-0.34399999999999875
2025-03-12 14:01:08,-90.45,-49.2,,
2025-03-12 14:01:08,-90.45,-49.17,,
2025-03-12 14:01:08,-90.42,-49.2,,
2025-03-12 14:01:08,-90.39,-49.17,,
2025-03-12 14:01:08,-90.36,-49.23,,
2025-03-12 14:01:17,509.62370000000107,-49.3,-0.7000000000000028,-0.3010000000000012
2025-03-12 14:01:17,-90.32,-49.26,,
2025-03-12 14:01:17,-90.36,-49.17,,
2025-03-12 14:01:17,-90.39,-49.17,,
2025-03-12 14:01:17,-90.39,-49.2,,
2025-03-12 14:01:17,-90.32,-49.26,,
2025-03-12 14:01:26,509.62370000000107,-49.3,-0.7000000000000028,-0.3010000000000012
2025-03-12 14:01:26,-90.23,-49.23,,
2025-03-12 14:01:26,-90.32,-49.26,,
2025-03-12 14:01:26,-90.36,-49.3,,
2025-03-12 14:01:26,-90.29,-49.1,,
2025-03-12 14:01:26,-90.23,-49.23,,
2025-03-12 14:01:35,509.62370000000107,-49.36,-0.6400000000000006,-0.3010000000000012
2025-03-12 14:01:35,-90.16,-49.23,,
2025-03-12 14:01:35,-90.26,-49.2,,
2025-03-12 14:01:35,-90.1,-49.17,,
2025-03-12 14:01:35,-90.13,-49.17,,
2025-03-12 14:01:35,-90.13,-49.26,,
